,latitude,longitude
0,34.4675274,-85.6994436
1,30.6865905,-88.2182346
2,32.3816865,-86.1833115
3,32.8412329,-85.1780282
0,61.1948214,-149.9179842
1,61.5775617,-149.4099111
0,33.4381922,-112.55789
1,33.3048116,-111.9433529
2,33.2818774,-111.7886418
3,33.6093929,-112.1846895
4,33.5690281,-112.1848906
5,33.5097845,-112.2037058
6,33.3793059,-112.1692215
7,33.379523,-112.0318193
8,33.3928196,-111.8615534
10,33.3850058,-111.8068336
11,33.4660821,-112.2213566
12,33.5225841,-112.0951201
15,33.4799938,-111.9937022
16,33.494541,-112.1272796
17,33.4654961,-112.082056
18,33.4944469,-112.171143
19,33.5811762,-112.1234605
20,33.256518,-111.6364948
21,33.3790897,-111.9766553
22,32.1888756,-110.9693126
23,33.4343136,-111.9259098
25,32.2636803,-110.9431659
28,32.1343546,-111.0021703
29,32.6714327,-114.621894
0,36.3751158,-94.2221626
1,35.0925328,-92.4681804
2,35.3458818,-94.3369035
3,34.4575593,-93.0634892
5,34.795837,-92.2303684
6,34.1757239,-92.0055132
7,35.824349,-90.6696704
0,32.5833091,-117.1162262
2,34.0952247,-118.1261204
3,38.1809856,-122.2539141
4,33.860672,-117.7922615
5,33.8170735,-117.9420129
6,38.7129282,-121.3662742
8,34.9850842,-118.9412847
9,38.9411994,-121.0961608
10,35.4011904,-119.0917502
11,35.3207148,-119.0918539
12,35.3926592,-118.9505535
13,34.0708844,-117.9793102
14,33.924319,-116.9472512
15,33.9707194,-118.1632781
16,33.9015792,-118.1256065
17,33.7567144,-116.3019264
18,37.9612992,-121.7337503
19,34.1878671,-118.3165312
20,34.2365954,-119.0370514
21,37.2661847,-121.9417115
22,34.1947841,-118.5879596
23,34.4174506,-118.45691
24,33.1765609,-117.3254266
25,38.6364587,-121.3287413
26,33.8439058,-118.2609355
27,33.8077544,-118.2721449
28,37.6082646,-120.9404816
29,33.8591212,-118.0900679
30,39.7373139,-121.8339168
31,33.9842021,-117.7130308
32,32.6446571,-116.9966014
33,40.6910814,-73.924203
34,38.6798918,-121.2694582
35,33.9910145,-117.9246256
36,36.8378651,-119.694708
37,33.699966,-116.2150033
38,33.8787497,-118.2181684
39,33.9030132,-118.2555594
41,33.8556997,-117.5685398
42,33.790481,-117.914946
43,34.1054486,-117.8916957
44,33.8168203,-118.0295641
45,37.6996155,-122.4837408
46,38.5464754,-121.7395175
47,36.5461297,-119.3946681
48,33.937245,-118.1284913
49,37.4612036,-122.1353383
50,33.9746289,-117.5568942
51,32.7941575,-116.9348544
52,37.8997018,-122.2990078
53,34.0774129,-118.0398785
54,38.450942,-121.3711154
55,38.4223935,-121.4158851
56,37.8326428,-122.2806743
57,33.1355042,-117.0550211
58,38.2596288,-122.0587716
59,38.668294,-121.1550509
60,34.0764586,-117.4345773
61,33.7140173,-117.9541436
62,37.5032438,-121.975381
63,36.7428573,-119.7702952
64,36.7363862,-119.7191562
65,36.8080946,-119.7702685
66,36.808793,-119.859516
67,33.8808646,-117.9252119
68,33.8777915,-117.881461
69,33.7888369,-117.9632955
70,33.9024052,-118.318025
71,37.0075526,-121.5539926
72,34.1431813,-118.2495102
73,34.1164168,-117.8358544
74,36.3240171,-119.6738681
75,33.7898542,-118.3072444
77,33.9295892,-118.3520087
78,37.6737558,-122.0811626
79,37.6057462,-122.0647664
80,34.4262498,-117.3740875
81,34.1073,-117.1942474
82,36.8363413,-121.3910152
85,33.6848578,-117.8108903
86,33.9774784,-117.4601124
87,34.205424,-118.2200417
88,33.9323372,-117.9322687
89,32.7475768,-116.9606634
90,34.0430988,-117.9488414
92,33.6345936,-117.7103502
93,33.8334529,-118.1157724
94,34.6882939,-118.0966482
95,34.6903873,-118.1722973
97,32.7419356,-117.0472062
98,37.7001129,-121.7450369
99,38.0996325,-121.2658108
100,33.8780443,-118.1682075
102,33.7936903,-118.1890145
103,33.8320983,-118.1672327
104,33.7901074,-118.1384252
106,34.0185693,-118.2816684
108,34.0170144,-118.3356476
109,33.931801,-118.2830386
111,33.9985983,-118.4295673
112,34.0400116,-118.465534
113,34.0471431,-118.3399196
114,33.9626279,-118.2913216
115,33.9887498,-118.3084318
116,34.0903911,-118.3097105
117,34.0213081,-118.1605751
118,37.0563611,-120.8242757
119,33.9339172,-118.2120456
120,36.9739732,-120.0829973
121,37.7969505,-121.1950115
122,37.9968226,-122.1080199
123,33.6845149,-117.1748973
124,37.3325542,-120.4602442
125,37.606151,-122.3980184
126,37.4344304,-121.9002937
127,34.2590824,-118.4663235
128,37.6894082,-121.0321662
129,34.1506843,-118.0029545
130,34.063865,-117.707416
131,33.9168926,-117.2299329
132,37.1511093,-121.6547349
133,32.6766222,-117.0983178
134,37.5506095,-122.0486879
135,34.3785304,-118.5576838
136,33.896645,-117.5623522
137,34.227472,-118.4856586
138,34.2348409,-118.5363509
139,33.9027915,-118.0840107
140,37.7376592,-122.1977958
141,37.8103766,-122.2466221
142,33.2274878,-117.3252726
143,33.810058,-117.8369638
144,34.2192937,-119.1602336
145,34.173677,-119.1765963
146,34.2755992,-118.4113241
147,34.6095132,-118.1463899
148,34.5590224,-118.0828676
149,34.2349665,-118.4484093
150,34.1462583,-118.1151576
152,33.8015217,-117.2285644
153,38.2500577,-122.6289947
154,33.9843632,-118.0966281
155,37.9917052,-122.3011402
156,38.0056373,-121.8394922
157,37.9449442,-122.0568888
158,34.0897095,-117.737286
159,34.0334189,-117.7586859
160,36.0791332,-119.0461664
161,38.5843351,-121.2843404
162,34.1232449,-117.5945078
163,34.1216365,-117.5372512
164,34.0786915,-117.5577935
165,33.6407567,-117.5951494
166,37.4769804,-122.2235748
167,34.1349464,-117.3693136
168,34.0755142,-117.3709661
169,37.9317219,-122.3300162
170,37.7116431,-120.9567203
171,33.909506,-117.436972
173,33.8875053,-117.3398372
174,33.9054102,-117.4940621
175,34.0744367,-118.0721929
176,38.7898259,-121.2847203
177,38.730359,-121.2733338
179,38.6101823,-121.3869933
180,38.495105,-121.520864
181,38.4956561,-121.4357709
182,38.6411669,-121.500644
183,36.6995879,-121.6227352
184,34.0914864,-117.3161504
185,37.5022617,-122.2462898
186,33.442575,-117.6152724
187,32.7487556,-117.2061637
188,32.6769776,-117.0392837
189,32.7548377,-117.1447653
190,32.7087512,-117.0858537
191,32.7494303,-117.0994268
193,37.2504852,-121.8793641
195,37.2481988,-121.8026541
197,37.3391766,-121.8418943
199,37.3783992,-121.9029513
200,37.7003032,-122.124742
201,35.280123,-120.663376
203,33.7436273,-118.2918125
204,36.707769,-119.5555535
205,33.7002353,-117.9066996
206,37.3528102,-121.9784123
207,36.9611878,-122.0439694
208,34.9220747,-120.4264908
209,38.4276083,-122.7408597
210,34.422499,-118.537772
211,36.6183645,-121.8414836
213,34.0428139,-118.0316623
214,33.952658,-118.1837132
215,37.6559079,-122.4322586
216,37.9122703,-121.293698
217,38.0574307,-121.375269
218,38.0006207,-121.2885946
219,37.3389252,-122.0425122
220,34.1809002,-118.5355633
221,33.4826841,-117.0948993
222,33.8064244,-118.3302596
224,33.8414265,-118.3530822
225,37.737506,-121.4526259
226,36.228011,-119.330422
227,37.5215356,-120.8480259
228,39.1687232,-123.2118498
229,37.58954,-122.019824
230,34.0941278,-117.6696686
231,38.3618828,-121.9637255
232,38.1334953,-122.2224533
234,34.2645824,-119.2125992
235,34.4720474,-117.2892435
236,34.5080747,-117.3986436
237,36.312234,-119.3133276
238,33.192915,-117.2508936
239,34.0436986,-117.8491808
240,33.9740002,-118.2328261
241,36.9156015,-121.7770995
242,34.0784111,-117.9081408
243,34.1930759,-118.6275274
244,38.5896518,-121.551027
245,33.9413079,-118.047079
246,33.9989517,-118.0564714
247,38.5267391,-122.7887888
248,38.6784604,-121.783461
249,39.1426256,-121.6470052
250,34.0333173,-117.0719715
0,39.8433778,-105.0540063
1,39.8021303,-105.1034042
2,39.713128,-104.8224339
3,39.6038445,-104.7148171
4,39.6950002,-104.8665777
6,39.9155502,-105.056883
8,38.8046085,-104.8197343
9,38.8556686,-104.723976
10,38.9118075,-104.7153135
11,39.7114211,-105.0112257
12,39.7847212,-104.8104035
13,39.7484799,-104.9775339
14,39.697397,-104.9045066
15,39.6963083,-104.9396107
16,40.3923458,-104.6963829
17,39.5421202,-104.9471561
18,39.6978703,-105.0821827
19,39.7405833,-105.0796252
20,39.6171663,-105.0892165
22,38.3056273,-104.6149479
24,39.8718047,-104.9782692
0,41.7667322,-72.7105474
1,41.8014484,-72.2408666
0,28.6626471,-81.3847056
1,27.9040615,-81.8404456
2,26.3285507,-81.8039136
4,28.6450318,-81.3209695
5,26.2877409,-80.1849347
7,29.1980492,-81.0570223
9,30.3881552,-86.4477883
10,25.4566738,-80.4756702
14,25.8848644,-80.3062943
16,30.1632247,-81.7488763
17,30.2490227,-81.7437379
19,26.8076107,-80.0748087
20,26.1639186,-80.2261708
22,25.9708137,-80.2048799
24,25.8326961,-80.2080007
25,25.845174,-80.2535292
26,25.5762741,-80.3388502
27,25.6554787,-80.3966027
28,25.981281,-80.2768888
29,26.1563682,-81.7216739
30,25.925388,-80.1708291
32,29.6661211,-82.3254754
33,25.9255181,-80.2451135
34,28.5658202,-81.2040262
35,28.4884814,-81.4160237
36,28.5151123,-81.3112117
37,28.5511892,-81.4820015
38,26.0114272,-80.3605145
39,30.4737243,-87.2161448
40,30.437661,-87.2777846
41,26.1497109,-80.2605103
42,27.2486389,-80.3743033
43,28.7585331,-81.2873137
44,29.6363072,-82.3885872
46,30.4598072,-84.2249979
47,30.4498474,-84.315999
48,30.5616249,-84.220217
49,28.056044,-82.4278072
50,27.995689,-82.435953
51,28.0420473,-82.5041024
52,28.1754691,-82.3555615
53,26.6650052,-80.1125136
1,33.7704946,-84.3814251
2,33.9947921,-84.3500775
3,33.4701399,-82.0357885
4,33.8620567,-84.339374
5,32.6187956,-83.6779743
6,32.5390857,-84.9514614
7,33.6812027,-84.2267681
8,33.7521581,-84.2691952
9,33.8897682,-84.2852414
10,33.7261684,-84.7366385
11,33.9690954,-84.1447091
12,33.4653012,-84.4493872
13,34.2970216,-83.8568444
14,31.8432523,-81.6002315
15,34.0302608,-84.5825158
16,33.9222974,-84.0855257
17,32.8192658,-83.7118107
18,33.9208288,-84.5084325
19,33.9229048,-84.466665
20,33.5114764,-82.0901606
21,33.3930969,-84.7647467
22,33.9016829,-84.2042254
23,33.8752859,-84.5328767
24,33.8671449,-84.0153378
25,33.5507908,-84.2752253
26,33.8248845,-84.1114746
27,33.8048641,-84.191329
28,33.8516177,-84.2098876
29,33.8389979,-84.4817259
30,34.0870059,-84.5286902
1,13.4762824,144.7502228
0,21.323243,-157.8739895
1,21.468373,-158.0023388
0,47.7018315,-116.7853286
1,43.6349078,-116.3535347
2,43.548659,-116.5733208
0,41.7365401,-87.5872311
1,41.9496087,-88.0322808
2,41.7608864,-88.244369
3,41.7834272,-88.317629
4,40.5025038,-88.9530225
5,41.7051405,-88.0691448
6,41.9393309,-88.1385791
7,42.1196807,-88.2586201
8,40.1106356,-88.2430158
9,41.961923,-87.7273431
10,41.7942981,-87.7737534
11,41.9304951,-87.6440712
12,41.9037698,-87.6304046
13,41.8745371,-87.627028
14,41.9496879,-87.649083
15,41.9938379,-87.713588
16,41.937121,-87.7267558
17,41.9915139,-87.6607544
18,41.9363,-87.766767
19,41.8961076,-87.7075221
20,41.9113365,-87.6784925
21,41.8387562,-87.6466699
22,41.786453,-87.702933
23,41.8124959,-87.7242361
25,41.6777339,-87.6647579
27,41.7802361,-87.6470912
29,41.8523828,-87.6850089
30,41.9412668,-87.6893377
31,41.8501842,-87.7446835
32,41.6518971,-87.7374975
36,42.008854,-88.3355572
37,41.9115361,-87.8062794
39,41.7204176,-87.6933674
40,41.8641902,-87.8046495
42,41.9645783,-87.8079349
43,41.8910147,-87.8838674
44,39.7645824,-89.6830165
45,41.5216665,-88.1422916
46,41.5733384,-87.5582248
47,41.8209756,-87.8033085
48,41.5067813,-87.7291514
50,41.4707041,-90.4797818
51,42.2531342,-88.0201752
52,41.7159619,-88.2052567
53,42.0550915,-87.8352894
54,42.0125575,-87.7709967
55,41.9074833,-87.9038751
56,41.8604707,-87.9632668
58,40.7466939,-89.6113215
59,42.2667883,-89.0402032
60,41.9689068,-88.1125922
61,41.6013976,-87.6176235
0,37.9807373,-87.4920036
1,41.5572076,-87.3563725
2,41.6955238,-87.5191686
3,41.5243517,-87.4704191
4,39.7727979,-86.0225296
6,39.8887246,-86.1212129
7,39.8309623,-86.0393762
8,39.6959805,-86.0833817
9,39.7792941,-86.2511572
10,41.4701426,-87.3409242
12,39.4363826,-87.4128884
0,42.0153622,-93.6113081
1,41.9540418,-91.7165443
2,41.6300524,-93.697155
3,42.5111465,-90.7216562
0,39.1858991,-96.5744757
1,39.09835,-94.6475223
2,38.9431751,-95.2421097
3,37.6765046,-97.4279526
0,36.960771,-86.4698371
1,38.1726847,-85.8257634
2,38.2168924,-85.5867816
3,37.0753181,-88.695997
0,30.4247458,-91.0523663
1,30.3560252,-91.109759
2,30.4548438,-91.0810312
3,32.5287434,-93.7194149
4,30.5444822,-91.0265273
5,30.2326174,-90.9066045
6,29.9022749,-90.0299987
7,29.6074419,-90.7539122
8,30.1975448,-92.0731842
9,30.2020554,-93.2191124
10,30.0044807,-90.1882823
11,32.5447178,-92.0765942
12,29.9880321,-91.8247097
13,30.0038243,-90.0389072
14,29.9770267,-90.0965052
15,32.5423098,-92.6294533
16,32.4791005,-93.7140717
17,32.4476359,-93.8664052
18,29.8116107,-90.8155261
19,32.5165014,-92.1838718
20,30.6494665,-91.1417859
0,39.3551287,-76.703057
1,38.9461961,-76.7361744
2,38.7837674,-76.8977813
3,38.8462328,-76.8852925
4,39.1312484,-76.7405509
5,39.419031,-77.4450312
6,39.1879068,-77.1849467
7,39.1813734,-77.2718435
8,39.1925357,-76.6142192
9,39.6335819,-77.7625086
10,38.9655259,-76.9533347
11,39.0904461,-76.8567279
13,39.0963869,-77.1924134
14,39.0743479,-77.1369549
15,39.0780752,-77.0797012
17,38.6189872,-76.9357024
0,42.3722714,-71.0381694
1,42.4076271,-71.0845226
2,42.1657869,-71.044761
3,42.2754174,-71.114951
4,42.2475536,-71.8098331
0,42.4460342,-83.1207922
1,42.4632572,-82.9601535
2,42.3828963,-83.3271449
3,42.4740453,-83.2401219
4,42.5026724,-83.0848096
0,45.0585906,-93.3162089
0,32.325775,-90.302424
2,31.3252608,-89.3390367
3,32.2930814,-90.2274368
4,32.3115575,-90.177558
5,34.9604213,-89.8564392
6,34.3658774,-89.5510091
7,32.4198696,-90.132738
8,33.4488272,-88.8400099
9,34.2556453,-88.7469004
0,38.4446438,-90.3746663
1,39.0271701,-94.257153
2,38.9473088,-92.2968254
3,38.7676688,-90.2822096
4,38.7903977,-90.3438391
5,39.0451879,-94.4397126
6,39.1617879,-94.5338012
7,39.0334505,-94.5356871
8,38.7019517,-90.2927998
9,38.7925483,-90.7002166
10,38.686506,-90.3608876
11,38.6249615,-90.3344452
12,37.1613814,-93.2933419
13,37.2468731,-93.3103541
14,38.6398771,-90.2447388
15,38.5912056,-90.243558
0,41.2480665,-96.0230109
1,41.2772862,-96.0999658
0,39.1300935,-119.7694908
1,36.0653291,-115.0366828
2,36.1023818,-115.0534794
3,36.1582522,-115.138443
4,36.117898,-115.1368053
7,36.2498922,-115.2441383
8,36.1252875,-115.2462028
9,36.1002191,-115.2099431
10,36.2389579,-115.1787983
11,36.2637787,-115.1176264
12,39.5305303,-119.8654255
13,39.4379433,-119.757845
14,39.5563723,-119.703763
0,42.754059,-71.461823
0,40.9137232,-73.9965009
1,40.8880323,-74.1516131
2,40.5276135,-74.385164
3,40.6633816,-74.2342158
5,40.4963871,-74.4445136
6,40.751169,-74.1672657
8,40.4597304,-74.4565543
9,40.6902313,-74.2904163
10,40.6465441,-74.4076668
11,40.9062687,-74.569417
0,35.0767679,-106.7451211
1,35.1140998,-106.7034699
2,35.0793747,-106.5328437
3,35.20446,-106.6765406
4,35.1311278,-106.5780623
6,36.7468249,-108.1648084
7,32.7411711,-103.1593082
0,40.7610205,-73.9176345
2,40.6802248,-73.9500115
3,40.688416,-73.9819774
4,40.6973283,-73.9355458
5,40.8076516,-73.944455
6,40.8900689,-73.8191975
7,41.0005561,-73.6628
8,40.624674,-74.1473569
9,40.9747066,-73.8327563
1,35.3121218,-80.7451296
4,35.9167652,-78.961923
6,35.2616125,-81.1402186
8,35.911962,-78.7796341
9,35.7987722,-78.5586571
10,35.8364711,-78.6102368
0,41.1095832,-81.5704943
1,41.4246283,-81.7357127
2,39.9074635,-82.8228294
3,39.2412324,-84.5933073
4,39.2152904,-84.5171195
5,39.1437433,-84.6222803
6,39.1306587,-84.5097452
7,41.4653116,-81.7593055
8,39.9804843,-82.82876
9,40.059774,-82.969952
10,40.0217388,-83.0257625
11,40.0310655,-82.908451
12,39.9849036,-83.1493642
13,39.6333655,-84.206871
14,41.5807686,-83.6655819
16,41.4491783,-81.5616538
17,41.5017181,-81.5373305
18,41.6778392,-83.6241594
19,39.9564909,-82.8994296
0,36.0678866,-95.7815892
1,34.6227931,-98.4208854
2,35.4369546,-97.3982602
3,35.3307636,-97.4911413
4,35.2401663,-97.4829565
5,35.3628404,-97.5313733
6,35.5128324,-97.5820075
7,35.5554563,-97.6374037
8,35.5939555,-97.5497168
9,35.4254563,-97.5316347
10,36.0459551,-95.9599144
11,36.117314,-95.8530942
12,36.1356298,-95.9218194
0,45.500964,-122.4118921
1,45.4926838,-122.5782026
2,44.9657667,-122.9830905
0,40.6042477,-75.4940513
1,40.6877761,-75.2531325
2,39.9963913,-75.0897957
3,39.9776444,-75.2723667
4,40.0489636,-75.0633962
5,40.0108403,-75.1769144
6,40.0802806,-75.1673192
0,32.427298,-80.72596
1,32.8145073,-79.9966258
2,34.0240666,-80.9505573
3,34.8256963,-82.2940959
4,33.4968382,-81.9602545
5,32.9342781,-80.0360207
6,34.9352692,-81.9896733
7,34.9350224,-82.281182
8,33.982576,-81.096393
0,43.5283992,-96.730751
0,36.063761,-86.631163
1,35.2032346,-89.8659214
2,36.5821547,-87.2989337
3,36.5779399,-87.4109443
4,35.1690378,-89.794437
5,35.6711272,-88.8543896
6,36.5475366,-82.51592
7,36.0275818,-83.9286523
8,36.2649509,-86.7125081
9,35.1152544,-89.9055089
10,35.1356406,-90.0077154
11,35.0502781,-89.8066658
12,35.8355047,-86.3503099
13,36.1290722,-86.9074538
0,26.1898943,-98.1336734
1,27.7676409,-98.0421288
3,29.4231777,-95.230542
5,35.1921382,-101.798366
6,32.711792,-97.067436
7,32.659404,-97.0658865
8,32.6756807,-97.1972544
9,32.7561306,-97.0963663
10,32.6590236,-97.132194
11,32.7088349,-97.1162962
12,30.237046,-97.723303
15,30.315674,-97.7052651
16,30.3662615,-97.6964064
17,30.4120891,-97.6898726
18,30.1969794,-97.7862924
19,30.1120829,-97.3537658
20,29.7795263,-94.9786435
21,30.0687858,-94.133425
22,31.6038536,-97.1000727
23,31.0798702,-97.4600261
24,25.9790164,-97.5105532
25,25.9303376,-97.5113752
26,25.9433015,-97.4289883
27,25.900473,-97.4941859
28,25.9528399,-97.4876317
29,25.9055199,-97.4646642
30,30.6738755,-96.3351531
31,32.9532253,-96.8893488
32,33.0179985,-96.9160499
33,32.5893516,-96.9433345
34,30.5201242,-97.8344495
35,32.3412036,-97.4038211
36,30.6326965,-96.3274025
37,30.332639,-95.476859
38,30.2069364,-95.4536725
39,32.966886,-96.9926505
40,31.1191206,-97.8625762
41,27.7374379,-97.425347
42,27.8573163,-97.6308461
43,27.7103749,-97.4058007
44,27.6840548,-97.3653047
45,32.0845179,-96.4782786
46,33.2257207,-96.9836266
47,32.5632577,-97.3538502
48,29.9546324,-95.6713098
49,29.9917638,-95.7435014
50,29.920113,-95.6897646
51,32.8671708,-96.7411913
52,32.7383658,-96.6843199
53,32.6630911,-96.8751853
54,32.8342578,-96.7023517
55,32.8974769,-96.7680739
56,32.7685661,-96.8980244
57,32.7192281,-96.9081055
58,32.9090051,-96.8716491
59,32.8599227,-96.7677392
60,32.7491236,-96.8615171
61,32.7358302,-96.6460235
62,32.8181681,-96.8134549
63,32.865993,-96.8659601
64,32.9568874,-96.8178084
65,32.9987735,-96.7990149
66,32.931865,-96.8026559
67,32.7951937,-96.6869278
68,32.8088606,-96.7707302
69,32.9886255,-96.851684
70,32.6869335,-96.8262652
71,32.721454,-96.830731
72,29.6772966,-95.1225644
73,29.3661143,-100.8957362
74,33.1834785,-97.1070873
75,33.2303167,-97.1672624
76,32.6046763,-96.8554118
77,32.907142,-97.0421782
78,32.6502505,-96.9263836
79,28.7062093,-100.4815042
80,26.2693281,-98.2027519
81,26.2622748,-98.1703388
82,26.306357,-98.1896656
84,31.7633889,-106.3028316
85,31.7792922,-106.5043674
86,31.7833316,-106.425113
87,31.7645974,-106.2666679
88,31.7074696,-106.3180803
89,31.8796482,-106.5823621
90,31.8131715,-106.5555576
91,31.7656139,-106.3641537
92,26.2940531,-97.9927526
93,32.850864,-97.0814471
94,33.0150779,-97.0691117
95,32.6576921,-97.2704485
96,32.743117,-96.4424355
97,32.7124906,-97.3434064
99,32.728733,-97.4170924
100,32.7523344,-97.1707344
101,32.6366401,-97.3714463
102,32.7966075,-97.3468415
103,32.8991443,-97.3241894
105,29.5209831,-95.1608729
106,33.0989663,-96.8043719
107,33.1516416,-96.8652978
110,29.2894015,-94.839628
112,32.9291265,-96.6623086
113,32.863399,-96.6429607
114,30.6316194,-97.6957129
116,32.7089592,-97.0002483
117,32.6733235,-97.0081403
118,32.9417758,-97.0999694
119,33.1051778,-96.1092387
120,32.7831899,-97.2899777
121,31.068719,-97.6689268
122,26.1902645,-97.7135607
123,26.172065,-97.673192
124,33.0729553,-97.0554949
125,32.8797649,-97.1020419
126,31.6836501,-106.2028276
127,29.81223,-95.4098678
128,29.9019081,-95.3138777
129,29.5732453,-95.1076623
130,29.6906353,-95.5599234
131,29.688354,-95.4896198
132,29.7857855,-95.5216942
133,29.6714173,-95.2776119
134,29.8294183,-95.3796824
137,29.6132087,-95.2230587
138,29.6980711,-95.2956326
139,29.7356541,-95.3051758
140,29.9116955,-95.4778328
142,29.9163009,-95.5838414
143,29.7842606,-95.7026329
144,29.7401995,-95.5881772
145,29.8695722,-95.6447128
146,29.6928081,-95.4163323
147,29.9225403,-95.4138978
148,29.8590371,-95.5238684
149,29.6708328,-95.4615241
150,29.7330734,-95.4433028
151,29.7224213,-95.3519854
152,29.9832988,-95.56583
153,29.9636605,-95.4795177
154,29.8682467,-95.4714042
155,29.8066472,-95.1680122
158,29.6486555,-95.5664968
159,29.795637,-95.4854992
160,29.7897045,-95.2000936
161,29.773657,-95.3982499
162,30.000588,-95.1612328
163,30.0021034,-95.2681086
164,29.9369222,-95.2476727
165,30.7176055,-95.5733598
166,32.8658911,-97.1744666
167,32.8232663,-97.1619433
168,31.6505871,-94.6564578
169,32.8457007,-96.9913049
170,32.8128786,-96.935447
171,32.9416489,-96.9528289
172,32.8963599,-96.960464
173,31.950203,-95.2620472
174,29.817008,-95.7704296
175,29.7553823,-95.7522821
176,29.7837575,-95.8075742
177,29.8503799,-95.7180949
178,29.7007986,-95.8130836
179,29.5374108,-95.0206913
180,33.0419322,-94.725729
181,31.1057999,-97.7475269
182,27.4921694,-97.8512877
183,30.047598,-95.1843921
184,30.0133083,-97.863551
185,29.402713,-95.034541
186,29.0393584,-95.4542338
187,32.8099037,-97.4218681
188,32.6048269,-96.7862517
189,27.520082,-99.4492678
190,27.4524237,-99.4769375
191,27.5689949,-99.5018916
192,29.4685446,-95.0922191
193,33.0531581,-96.9176658
194,32.481568,-95.3951822
195,32.5269909,-94.7819256
196,32.5396815,-94.7302387
197,32.4625785,-94.7323264
198,26.071602,-97.471464
199,33.5886887,-101.8570538
200,33.5934382,-101.9329348
201,33.5328864,-101.9208113
202,31.3098598,-94.7235539
203,32.5696815,-97.0961981
204,32.6048455,-97.1150977
205,26.1931088,-98.2071715
206,26.2298921,-98.2265101
207,26.2192683,-98.2607407
208,33.214224,-96.6380709
209,33.1729805,-96.6770522
210,33.2149522,-96.7352244
211,33.1283146,-96.7325397
213,32.8114962,-96.6229809
214,31.9759845,-102.0727207
215,32.0172638,-102.1433066
216,32.4618263,-96.9928604
217,26.1950595,-98.2897272
219,29.552694,-95.5542219
221,29.6888021,-98.1277542
223,32.8465627,-97.2377256
224,32.9058958,-97.1913601
225,31.893728,-102.335734
226,31.8513912,-102.3943193
227,31.7390271,-95.6068252
228,26.2568315,-98.3161585
229,33.6624597,-95.5040425
230,29.6913514,-95.2129346
231,29.6658227,-95.1900845
232,29.5578593,-95.2602411
233,29.5604244,-95.3490056
234,29.580905,-95.3908876
235,26.2442492,-98.4436503
236,30.4691774,-97.59628
237,26.1749521,-98.1866353
238,26.1199847,-98.2166414
239,33.0168335,-96.6843209
241,33.0471411,-96.8307661
242,28.9418463,-98.5111095
244,26.069861,-97.2226111
245,27.8862562,-97.3163349
246,33.2509076,-96.7846364
247,32.5322376,-96.8188349
248,32.936404,-96.7203111
249,32.9607159,-96.7683458
250,29.7020966,-95.6871337
251,29.6742865,-95.7536401
252,26.3674124,-98.7938686
253,32.900874,-96.4664535
254,29.5428579,-95.7523438
256,30.4834024,-97.6817239
257,32.9102895,-96.5568575
258,32.9698734,-96.6029506
259,31.4196659,-100.4732691
260,31.4864535,-100.4604679
261,29.457509,-98.553156
262,29.2651989,-98.3089634
263,29.4365523,-98.7082459
264,29.4930811,-98.4339643
266,29.5980711,-98.4200073
267,29.5640201,-98.5866754
268,29.5634127,-98.4875907
269,29.4817536,-98.3580073
270,29.5115869,-98.5692316
271,29.3540166,-98.4309314
272,29.4387703,-98.6562513
273,29.639932,-98.453702
274,29.4885813,-98.7062679
275,29.5684888,-98.3873731
276,29.4685196,-98.6154425
277,29.4025949,-98.3875016
278,29.3781534,-98.4606701
279,29.3583995,-98.5326421
280,29.4441244,-98.4996395
281,29.5097479,-98.4998931
282,29.3563065,-98.5133988
283,29.4301766,-98.5529175
284,29.5097477,-98.3842495
285,29.4870781,-98.5269258
286,29.4722092,-96.9364079
287,26.1963779,-98.1918518
288,32.7953063,-96.6097838
289,29.6050111,-98.2785246
290,32.6507169,-96.5360753
291,29.5681356,-97.9420706
293,32.4036624,-99.7586764
294,26.131183,-97.170891
295,30.0388723,-95.487061
296,30.1225572,-95.408395
297,32.2035173,-98.2420344
298,29.5877144,-95.623412
299,31.0706057,-97.3699488
300,33.4603653,-94.0889527
301,33.4616678,-94.044399
302,33.0744265,-96.8919472
303,30.1272486,-95.4499948
304,30.1800222,-95.5386592
305,30.0890507,-95.6348613
307,32.3110713,-95.277911
309,29.5578003,-98.3236448
310,28.8440971,-96.9981416
311,31.4860967,-97.212634
312,31.5211049,-97.1687022
314,32.8939,-97.2567939
315,32.4243806,-96.8387012
316,32.7315376,-97.7918941
317,26.1736626,-98.0026762
318,33.8838798,-98.5289066
319,30.4235259,-95.4937168
320,33.0084752,-96.5750446
0,41.0900185,-111.9819184
1,41.1785094,-111.9988718
2,40.6490412,-111.9395816
3,40.5882093,-111.9410103
0,38.7203117,-77.124202
1,38.7794101,-77.0802798
3,38.8375319,-77.4376567
6,38.7792682,-77.5084182
7,37.1102888,-76.498784
8,36.9148016,-76.254022
9,36.8702196,-76.2929386
10,37.4388932,-77.4695645
11,37.528532,-77.3549529
13,38.7725889,-77.184838
14,39.0205924,-77.378574
16,38.6531163,-77.3060516
1,47.3837019,-122.2351058
2,47.1654538,-122.5166395
3,46.2712192,-119.1772052
4,47.1515005,-122.2923182
5,47.4966005,-122.2051467
6,46.2267874,-119.2485303
7,47.7022846,-122.3441809
8,47.5213604,-122.3671285
10,47.2233853,-122.4702069
11,47.4464728,-122.2615943
12,45.6197265,-122.5534494
0,39.4504351,-77.9857571
0,43.1137223,-87.916135
1,44.4907208,-87.9752064
2,44.4792462,-88.0727371
3,42.5658171,-87.8788711
4,43.067865,-89.4071282
5,43.1481772,-88.0021525
6,42.7192608,-87.8446565
7,42.959497,-87.8805714
8,43.0897083,-88.0639329
9,43.006689,-87.966673
